day;time;thermal_zone2 (INT3400 Thermal);thermal_zone0 (acpitz);thermal_zone7 (iwlwifi_1);thermal_zone5 (pch_cannonlake);thermal_zone3 (SNS1);thermal_zone1 (acpitz);thermal_zone8 (x86_pkg_temp);thermal_zone6 (B0D4);thermal_zone4 (SNS2)
2024-05-29;12:38:56;20.0;39.0;43.0;40.0;39.05;39.0;58.0;58.0;0.05
2024-05-29;12:39:26;20.0;40.0;41.0;41.0;40.05;40.0;42.0;42.0;0.05
2024-05-29;12:41:34;20.0;41.0;46.0;41.0;41.05;41.0;60.0;60.0;0.05
2024-05-29;12:42:04;20.0;40.0;42.0;40.0;40.05;40.0;43.0;43.0;0.05
2024-05-29;12:42:34;20.0;39.0;42.0;38.0;39.05;39.0;41.0;41.0;0.05
2024-05-29;12:43:04;20.0;39.0;42.0;39.0;39.05;39.0;41.0;41.0;0.05
2024-05-29;12:43:34;20.0;38.0;41.0;39.0;38.05;38.0;40.0;40.0;0.05
2024-05-29;12:44:04;20.0;38.0;41.0;38.0;38.05;38.0;48.0;48.0;0.05
2024-05-29;12:44:34;20.0;37.0;41.0;38.0;37.05;37.0;40.0;39.0;0.05
2024-05-29;12:45:04;20.0;37.0;40.0;37.0;37.05;37.0;39.0;39.0;0.05
2024-05-29;12:45:34;20.0;37.0;40.0;38.0;37.05;37.0;39.0;39.0;0.05
2024-05-29;12:46:04;20.0;37.0;40.0;36.0;37.05;37.0;39.0;39.0;0.05
2024-05-29;12:46:34;20.0;37.0;40.0;38.0;37.05;37.0;40.0;38.0;0.05
2024-05-29;12:47:04;20.0;37.0;40.0;37.0;37.05;37.0;39.0;38.0;0.05
2024-05-29;12:47:34;20.0;37.0;40.0;36.0;37.05;37.0;39.0;38.0;0.05
2024-05-29;12:48:05;20.0;37.0;40.0;36.0;37.05;37.0;38.0;38.0;0.05
2024-05-29;12:48:35;20.0;37.0;43.0;38.0;37.05;37.0;41.0;41.0;0.05
2024-05-29;12:49:05;20.0;37.0;40.0;38.0;37.05;37.0;38.0;38.0;0.05
2024-05-29;12:49:35;20.0;37.0;39.0;38.0;37.05;37.0;39.0;38.0;0.05
2024-05-29;12:50:05;20.0;37.0;39.0;37.0;37.05;37.0;40.0;39.0;0.05
2024-05-29;12:50:35;20.0;37.0;39.0;36.0;37.05;37.0;39.0;39.0;0.05
2024-05-29;12:51:05;20.0;36.0;39.0;37.0;36.05;36.0;38.0;38.0;0.05
2024-05-29;13:16:25;20.0;40.0;41.0;40.0;40.05;40.0;66.0;66.0;0.05
2024-05-29;13:16:55;20.0;39.0;41.0;40.0;39.05;39.0;41.0;41.0;0.05
2024-05-29;13:17:25;20.0;38.0;41.0;39.0;38.05;38.0;40.0;39.0;0.05
2024-05-29;13:17:55;20.0;38.0;41.0;38.0;38.05;38.0;41.0;40.0;0.05
2024-05-29;13:18:25;20.0;38.0;40.0;39.0;38.05;38.0;40.0;39.0;0.05
2024-05-29;13:18:55;20.0;38.0;41.0;38.0;38.05;38.0;39.0;40.0;0.05
2024-05-29;13:19:25;20.0;37.0;40.0;38.0;37.05;37.0;39.0;39.0;0.05
2024-05-29;13:19:55;20.0;37.0;41.0;40.0;37.05;37.0;46.0;46.0;0.05
2024-05-29;13:20:25;20.0;37.0;39.0;36.0;37.05;37.0;39.0;38.0;0.05
2024-05-29;13:20:55;20.0;37.0;43.0;38.0;37.05;37.0;39.0;39.0;0.05
2024-05-29;13:21:25;20.0;37.0;40.0;37.0;37.05;37.0;39.0;39.0;0.05
2024-05-29;13:21:55;20.0;37.0;39.0;37.0;37.05;37.0;39.0;38.0;0.05
2024-05-29;13:22:25;20.0;36.0;39.0;36.0;36.05;36.0;38.0;38.0;0.05
2024-05-29;13:22:55;20.0;37.0;39.0;37.0;37.05;37.0;41.0;40.0;0.05
2024-05-29;13:23:25;20.0;36.0;39.0;36.0;36.05;36.0;38.0;38.0;0.05
2024-05-29;13:23:55;20.0;36.0;38.0;37.0;36.05;36.0;43.0;43.0;0.05
2024-05-29;13:24:25;20.0;36.0;38.0;36.0;36.05;36.0;37.0;37.0;0.05
2024-05-29;13:24:55;20.0;36.0;38.0;36.0;36.05;36.0;37.0;37.0;0.05
2024-05-29;13:25:25;20.0;35.0;38.0;36.0;35.05;35.0;37.0;36.0;0.05
2024-05-29;13:25:55;20.0;35.0;39.0;36.0;35.05;35.0;41.0;41.0;0.05
2024-05-29;13:26:25;20.0;35.0;37.0;35.0;35.05;35.0;37.0;37.0;0.05
2024-05-29;13:26:56;20.0;35.0;38.0;34.0;35.05;35.0;38.0;37.0;0.05
2024-05-29;13:27:26;20.0;35.0;37.0;35.0;35.05;35.0;37.0;37.0;0.05
2024-05-29;13:27:56;20.0;35.0;38.0;34.0;35.05;35.0;37.0;37.0;0.05
2024-05-29;13:28:26;20.0;35.0;37.0;35.0;35.05;35.0;36.0;36.0;0.05
2024-05-29;13:28:56;20.0;35.0;37.0;36.0;35.05;35.0;37.0;37.0;0.05
2024-05-29;13:29:26;20.0;35.0;37.0;36.0;35.05;35.0;37.0;36.0;0.05
2024-05-29;13:29:56;20.0;35.0;37.0;35.0;35.05;35.0;37.0;36.0;0.05
2024-05-29;13:30:26;20.0;35.0;37.0;34.0;35.05;35.0;37.0;37.0;0.05
2024-05-29;13:30:56;20.0;35.0;37.0;35.0;35.05;35.0;37.0;36.0;0.05
2024-05-29;13:31:26;20.0;35.0;37.0;35.0;35.05;35.0;37.0;36.0;0.05
2024-05-29;13:31:56;20.0;35.0;37.0;36.0;35.05;35.0;37.0;37.0;0.05
2024-05-29;13:32:26;20.0;35.0;37.0;35.0;35.05;35.0;37.0;36.0;0.05
2024-05-29;13:32:56;20.0;35.0;37.0;35.0;35.05;35.0;36.0;36.0;0.05
2024-05-29;13:33:26;20.0;35.0;37.0;36.0;35.05;35.0;37.0;36.0;0.05
2024-05-29;13:33:56;20.0;35.0;37.0;36.0;35.05;35.0;37.0;37.0;0.05
2024-05-29;13:34:26;20.0;35.0;37.0;36.0;35.05;35.0;36.0;36.0;0.05
2024-05-29;13:34:56;20.0;35.0;37.0;35.0;35.05;35.0;36.0;36.0;0.05
2024-05-29;13:35:26;20.0;35.0;37.0;35.0;35.05;35.0;37.0;36.0;0.05
2024-05-29;13:35:56;20.0;35.0;37.0;34.0;35.05;35.0;37.0;36.0;0.05
2024-05-29;13:36:26;20.0;35.0;37.0;34.0;35.05;35.0;37.0;37.0;0.05
2024-05-29;13:36:56;20.0;35.0;37.0;35.0;35.05;35.0;37.0;36.0;0.05
2024-05-29;13:37:26;20.0;35.0;36.0;36.0;35.05;35.0;38.0;37.0;0.05
2024-05-29;13:37:56;20.0;35.0;37.0;36.0;35.05;35.0;38.0;37.0;0.05
2024-05-29;13:38:26;20.0;35.0;37.0;37.0;35.05;35.0;38.0;37.0;0.05
2024-05-29;13:38:56;20.0;36.0;37.0;38.0;36.05;36.0;38.0;37.0;0.05
2024-05-29;13:39:26;20.0;36.0;37.0;36.0;36.05;36.0;38.0;37.0;0.05
2024-05-29;13:39:56;20.0;36.0;37.0;37.0;36.05;36.0;38.0;38.0;0.05
2024-05-29;13:40:26;20.0;36.0;37.0;36.0;36.05;36.0;38.0;38.0;0.05
2024-05-29;13:40:56;20.0;36.0;37.0;37.0;36.05;36.0;38.0;38.0;0.05
2024-05-29;13:41:27;20.0;36.0;37.0;36.0;36.05;36.0;39.0;38.0;0.05
2024-05-29;13:41:57;20.0;36.0;37.0;36.0;36.05;36.0;39.0;38.0;0.05
2024-05-29;13:42:27;20.0;36.0;37.0;37.0;36.05;36.0;39.0;39.0;0.05
2024-05-29;13:42:57;20.0;36.0;37.0;37.0;36.05;36.0;38.0;38.0;0.05
2024-05-29;13:43:27;20.0;36.0;39.0;38.0;36.05;36.0;39.0;39.0;0.05
2024-05-29;13:43:57;20.0;36.0;40.0;36.0;36.05;36.0;39.0;39.0;0.05
2024-05-29;13:44:27;20.0;36.0;37.0;37.0;36.05;36.0;39.0;39.0;0.05
2024-05-29;13:44:57;20.0;36.0;37.0;37.0;36.05;36.0;39.0;39.0;0.05
2024-05-29;13:45:27;20.0;37.0;37.0;37.0;37.05;37.0;39.0;39.0;0.05
2024-05-29;13:45:57;20.0;37.0;38.0;38.0;37.05;37.0;39.0;39.0;0.05
2024-05-29;13:46:27;20.0;37.0;37.0;38.0;37.05;37.0;39.0;39.0;0.05
2024-05-29;13:46:57;20.0;37.0;37.0;38.0;37.05;37.0;39.0;39.0;0.05
2024-05-29;13:47:27;20.0;37.0;37.0;38.0;37.05;37.0;39.0;39.0;0.05
2024-05-29;13:47:57;20.0;37.0;37.0;38.0;37.05;37.0;39.0;39.0;0.05
2024-05-29;13:48:27;20.0;37.0;37.0;38.0;37.05;37.0;39.0;38.0;0.05
2024-05-29;13:48:57;20.0;37.0;40.0;37.0;37.05;37.0;40.0;39.0;0.05
2024-05-29;13:49:27;20.0;37.0;37.0;37.0;37.05;37.0;40.0;39.0;0.05
2024-05-29;13:49:57;20.0;37.0;37.0;37.0;37.05;37.0;39.0;39.0;0.05
2024-05-29;13:50:27;20.0;37.0;37.0;38.0;37.05;37.0;40.0;39.0;0.05
2024-05-29;13:50:57;20.0;37.0;37.0;37.0;37.05;37.0;40.0;40.0;0.05
2024-05-29;13:51:27;20.0;37.0;37.0;38.0;37.05;37.0;39.0;39.0;0.05
2024-05-29;13:51:57;20.0;37.0;37.0;38.0;37.05;37.0;40.0;39.0;0.05
2024-05-29;13:52:27;20.0;37.0;37.0;38.0;37.05;37.0;40.0;39.0;0.05
2024-05-29;13:52:57;20.0;37.0;38.0;38.0;37.05;37.0;39.0;39.0;0.05
2024-05-29;13:53:27;20.0;37.0;37.0;38.0;37.05;37.0;39.0;39.0;0.05
2024-05-29;13:53:57;20.0;37.0;40.0;38.0;37.05;37.0;39.0;39.0;0.05
2024-05-29;13:54:27;20.0;37.0;38.0;39.0;37.05;37.0;40.0;39.0;0.05
2024-05-29;13:54:57;20.0;37.0;38.0;38.0;37.05;37.0;40.0;39.0;0.05
2024-05-29;13:55:27;20.0;37.0;38.0;38.0;37.05;37.0;39.0;39.0;0.05
2024-05-29;13:55:57;20.0;37.0;37.0;38.0;37.05;37.0;40.0;39.0;0.05
2024-05-29;13:56:27;20.0;37.0;37.0;38.0;37.05;37.0;40.0;40.0;0.05
2024-05-29;13:56:57;20.0;37.0;38.0;39.0;37.05;37.0;40.0;39.0;0.05
2024-05-29;13:57:27;20.0;37.0;38.0;39.0;37.05;37.0;40.0;39.0;0.05
2024-05-29;13:57:58;20.0;37.0;38.0;38.0;37.05;37.0;39.0;39.0;0.05
2024-05-29;13:58:28;20.0;37.0;38.0;36.0;37.05;37.0;39.0;39.0;0.05
2024-05-29;13:58:58;20.0;37.0;38.0;38.0;37.05;37.0;40.0;39.0;0.05
2024-05-29;13:59:28;20.0;37.0;38.0;38.0;37.05;37.0;40.0;39.0;0.05
2024-05-29;13:59:58;20.0;37.0;38.0;39.0;37.05;37.0;40.0;39.0;0.05
2024-05-29;14:00:28;20.0;37.0;38.0;38.0;37.05;37.0;40.0;40.0;0.05
2024-05-29;14:00:58;20.0;37.0;38.0;38.0;37.05;37.0;39.0;39.0;0.05
2024-05-29;14:01:28;20.0;37.0;38.0;38.0;37.05;37.0;40.0;39.0;0.05
2024-05-29;14:01:58;20.0;37.0;38.0;39.0;37.05;37.0;40.0;39.0;0.05
2024-05-29;14:02:28;20.0;37.0;38.0;38.0;37.05;37.0;40.0;39.0;0.05
2024-05-29;14:02:58;20.0;37.0;38.0;38.0;37.05;37.0;40.0;39.0;0.05
2024-05-29;14:03:28;20.0;38.0;38.0;38.0;38.05;38.0;39.0;39.0;0.05
2024-05-29;14:03:58;20.0;37.0;39.0;38.0;37.05;37.0;40.0;39.0;0.05
2024-05-29;14:04:28;20.0;37.0;39.0;37.0;37.05;37.0;39.0;39.0;0.05
2024-05-29;14:04:58;20.0;36.0;39.0;36.0;36.05;36.0;38.0;38.0;0.05
2024-05-29;14:05:28;20.0;36.0;38.0;37.0;36.05;36.0;38.0;38.0;0.05
2024-05-29;14:05:58;20.0;36.0;38.0;36.0;36.05;36.0;38.0;38.0;0.05
2024-05-29;14:06:28;20.0;36.0;38.0;35.0;36.05;36.0;38.0;37.0;0.05
2024-05-29;14:06:58;20.0;36.0;38.0;37.0;36.05;36.0;38.0;37.0;0.05
2024-05-29;14:07:28;20.0;36.0;38.0;36.0;36.05;36.0;38.0;37.0;0.05
2024-05-29;14:07:58;20.0;36.0;38.0;35.0;36.05;36.0;38.0;37.0;0.05
2024-05-29;14:08:28;20.0;36.0;41.0;36.0;36.05;36.0;37.0;37.0;0.05
2024-05-29;14:08:58;20.0;35.0;38.0;35.0;35.05;35.0;37.0;37.0;0.05
2024-05-29;14:09:28;20.0;35.0;38.0;36.0;35.05;35.0;38.0;37.0;0.05
2024-05-29;14:09:58;20.0;35.0;38.0;36.0;35.05;35.0;38.0;38.0;0.05
2024-05-29;14:10:28;20.0;35.0;38.0;36.0;35.05;35.0;38.0;37.0;0.05
2024-05-29;14:10:58;20.0;35.0;38.0;36.0;35.05;35.0;37.0;37.0;0.05
2024-05-29;14:11:29;20.0;35.0;39.0;35.0;35.05;35.0;38.0;37.0;0.05
2024-05-29;14:11:59;20.0;35.0;37.0;34.0;35.05;35.0;37.0;37.0;0.05
2024-05-29;14:12:29;20.0;35.0;37.0;36.0;35.05;35.0;37.0;37.0;0.05
2024-05-29;14:12:59;20.0;35.0;38.0;36.0;35.05;35.0;37.0;37.0;0.05
2024-05-29;14:13:29;20.0;35.0;37.0;36.0;35.05;35.0;37.0;37.0;0.05
2024-05-29;14:13:59;20.0;35.0;37.0;36.0;35.05;35.0;37.0;37.0;0.05
2024-05-29;14:14:29;20.0;35.0;37.0;34.0;35.05;35.0;37.0;36.0;0.05
2024-05-29;14:14:59;20.0;35.0;37.0;36.0;35.05;35.0;37.0;36.0;0.05
2024-05-29;14:15:29;20.0;35.0;37.0;34.0;35.05;35.0;42.0;42.0;0.05
2024-05-29;14:15:59;20.0;35.0;37.0;36.0;35.05;35.0;37.0;36.0;0.05
2024-05-29;14:16:29;20.0;35.0;37.0;35.0;35.05;35.0;37.0;36.0;0.05
2024-05-29;14:16:59;20.0;35.0;37.0;35.0;35.05;35.0;37.0;37.0;0.05
2024-05-29;14:17:29;20.0;35.0;37.0;36.0;35.05;35.0;37.0;36.0;0.05
2024-05-29;14:17:59;20.0;35.0;37.0;34.0;35.05;35.0;37.0;36.0;0.05
2024-05-29;14:18:29;20.0;35.0;39.0;34.0;35.05;35.0;37.0;36.0;0.05
2024-05-29;14:18:59;20.0;35.0;37.0;36.0;35.05;35.0;37.0;36.0;0.05
2024-05-29;14:19:29;20.0;35.0;37.0;36.0;35.05;35.0;37.0;36.0;0.05
2024-05-29;14:19:59;20.0;35.0;39.0;36.0;35.05;35.0;37.0;36.0;0.05
2024-05-29;14:20:29;20.0;35.0;37.0;35.0;35.05;35.0;37.0;36.0;0.05
2024-05-29;14:20:59;20.0;35.0;37.0;34.0;35.05;35.0;36.0;36.0;0.05
2024-05-29;14:21:29;20.0;35.0;38.0;36.0;35.05;35.0;37.0;36.0;0.05
2024-05-29;14:21:59;20.0;35.0;37.0;36.0;35.05;35.0;37.0;36.0;0.05
2024-05-29;14:22:29;20.0;35.0;38.0;34.0;35.05;35.0;36.0;36.0;0.05
2024-05-29;14:22:59;20.0;35.0;37.0;36.0;35.05;35.0;37.0;36.0;0.05
2024-05-29;14:23:29;20.0;35.0;37.0;35.0;35.05;35.0;37.0;36.0;0.05
2024-05-29;14:23:59;20.0;35.0;38.0;36.0;35.05;35.0;36.0;36.0;0.05
2024-05-29;14:24:29;20.0;35.0;37.0;34.0;35.05;35.0;37.0;36.0;0.05
2024-05-29;14:24:59;20.0;35.0;38.0;34.0;35.05;35.0;36.0;36.0;0.05
2024-05-29;14:25:30;20.0;35.0;37.0;35.0;35.05;35.0;37.0;36.0;0.05
2024-05-29;14:26:00;20.0;35.0;37.0;34.0;35.05;35.0;36.0;36.0;0.05
2024-05-29;14:26:30;20.0;35.0;37.0;36.0;35.05;35.0;37.0;37.0;0.05
2024-05-29;14:27:00;20.0;35.0;37.0;36.0;35.05;35.0;37.0;37.0;0.05
2024-05-29;14:27:30;20.0;35.0;37.0;36.0;35.05;35.0;38.0;37.0;0.05
2024-05-29;14:28:00;20.0;36.0;37.0;38.0;36.05;36.0;38.0;37.0;0.05
2024-05-29;14:28:30;20.0;36.0;37.0;36.0;36.05;36.0;38.0;37.0;0.05
2024-05-29;14:29:00;20.0;36.0;37.0;37.0;36.05;36.0;39.0;39.0;0.05
2024-05-29;14:29:30;20.0;36.0;37.0;36.0;36.05;36.0;38.0;38.0;0.05
2024-05-29;14:30:00;20.0;36.0;37.0;36.0;36.05;36.0;39.0;38.0;0.05
2024-05-29;14:30:30;20.0;36.0;37.0;36.0;36.05;36.0;39.0;38.0;0.05
2024-05-29;14:31:00;20.0;36.0;37.0;37.0;36.05;36.0;39.0;38.0;0.05
2024-05-29;14:31:30;20.0;36.0;37.0;36.0;36.05;36.0;38.0;39.0;0.05
2024-05-29;14:32:00;20.0;36.0;37.0;37.0;36.05;36.0;38.0;38.0;0.05
2024-05-29;14:32:30;20.0;36.0;37.0;38.0;36.05;36.0;39.0;38.0;0.05
2024-05-29;14:33:00;20.0;36.0;37.0;37.0;36.05;36.0;39.0;39.0;0.05
2024-05-29;14:33:30;20.0;36.0;37.0;36.0;36.05;36.0;39.0;38.0;0.05
2024-05-29;14:34:00;20.0;37.0;37.0;37.0;37.05;37.0;39.0;38.0;0.05
2024-05-29;14:34:30;20.0;37.0;37.0;36.0;37.05;37.0;40.0;39.0;0.05
2024-05-29;14:35:00;20.0;37.0;37.0;37.0;37.05;37.0;39.0;38.0;0.05
2024-05-29;14:35:30;20.0;37.0;37.0;36.0;37.05;37.0;39.0;39.0;0.05
2024-05-29;14:36:00;20.0;37.0;37.0;38.0;37.05;37.0;39.0;39.0;0.05
2024-05-29;14:36:30;20.0;37.0;37.0;36.0;37.05;37.0;39.0;39.0;0.05
2024-05-29;14:37:00;20.0;37.0;37.0;37.0;37.05;37.0;39.0;39.0;0.05
2024-05-29;14:37:30;20.0;37.0;37.0;37.0;37.05;37.0;39.0;39.0;0.05
2024-05-29;14:38:00;20.0;37.0;37.0;38.0;37.05;37.0;39.0;39.0;0.05
2024-05-29;14:38:30;20.0;37.0;37.0;37.0;37.05;37.0;40.0;39.0;0.05
2024-05-29;14:39:00;20.0;37.0;37.0;38.0;37.05;37.0;40.0;39.0;0.05
2024-05-29;14:39:30;20.0;37.0;38.0;37.0;37.05;37.0;44.0;44.0;0.05
2024-05-29;14:40:00;20.0;37.0;38.0;37.0;37.05;37.0;40.0;39.0;0.05
2024-05-29;14:40:31;20.0;37.0;37.0;38.0;37.05;37.0;40.0;39.0;0.05
2024-05-29;14:41:01;20.0;37.0;37.0;38.0;37.05;37.0;39.0;39.0;0.05
2024-05-29;14:41:31;20.0;37.0;38.0;37.0;37.05;37.0;39.0;39.0;0.05
2024-05-29;14:42:01;20.0;37.0;37.0;39.0;37.05;37.0;39.0;39.0;0.05
2024-05-29;14:42:31;20.0;37.0;37.0;38.0;37.05;37.0;41.0;40.0;0.05
2024-05-29;14:43:01;20.0;37.0;37.0;38.0;37.05;37.0;40.0;40.0;0.05
2024-05-29;14:43:31;20.0;37.0;37.0;38.0;37.05;37.0;39.0;39.0;0.05
2024-05-29;14:44:01;20.0;37.0;38.0;38.0;37.05;37.0;40.0;39.0;0.05
2024-05-29;14:44:31;20.0;37.0;38.0;39.0;37.05;37.0;39.0;39.0;0.05
2024-05-29;14:45:01;20.0;37.0;38.0;38.0;37.05;37.0;40.0;39.0;0.05
2024-05-29;14:45:31;20.0;37.0;38.0;38.0;37.05;37.0;39.0;39.0;0.05
2024-05-29;14:46:01;20.0;37.0;39.0;36.0;37.05;37.0;39.0;39.0;0.05
2024-05-29;14:46:31;20.0;36.0;39.0;37.0;36.05;36.0;39.0;38.0;0.05
2024-05-29;14:47:01;20.0;36.0;39.0;37.0;36.05;36.0;38.0;38.0;0.05
2024-05-29;14:47:31;20.0;36.0;38.0;36.0;36.05;36.0;38.0;37.0;0.05
2024-05-29;14:48:01;20.0;36.0;38.0;37.0;36.05;36.0;39.0;39.0;0.05
2024-05-29;14:48:31;20.0;36.0;38.0;36.0;36.05;36.0;37.0;37.0;0.05
2024-05-29;14:49:01;20.0;36.0;38.0;36.0;36.05;36.0;38.0;37.0;0.05
2024-05-29;14:49:31;20.0;36.0;38.0;36.0;36.05;36.0;38.0;37.0;0.05
2024-05-29;14:50:01;20.0;35.0;38.0;36.0;35.05;35.0;38.0;37.0;0.05
2024-05-29;14:50:31;20.0;35.0;38.0;35.0;35.05;35.0;38.0;37.0;0.05
2024-05-29;14:51:01;20.0;35.0;38.0;35.0;35.05;35.0;37.0;36.0;0.05
2024-05-29;14:51:31;20.0;35.0;38.0;34.0;35.05;35.0;37.0;37.0;0.05
2024-05-29;14:52:01;20.0;35.0;38.0;36.0;35.05;35.0;38.0;37.0;0.05
2024-05-29;14:52:31;20.0;35.0;37.0;36.0;35.05;35.0;37.0;37.0;0.05
2024-05-29;14:53:01;20.0;35.0;37.0;35.0;35.05;35.0;37.0;37.0;0.05
2024-05-29;14:53:31;20.0;35.0;37.0;35.0;35.05;35.0;42.0;42.0;0.05
2024-05-29;14:54:02;20.0;35.0;37.0;36.0;35.05;35.0;37.0;37.0;0.05
2024-05-29;14:54:32;20.0;35.0;37.0;35.0;35.05;35.0;37.0;36.0;0.05
2024-05-29;14:55:02;20.0;35.0;39.0;35.0;35.05;35.0;37.0;36.0;0.05
2024-05-29;14:55:32;20.0;35.0;37.0;35.0;35.05;35.0;37.0;36.0;0.05
2024-05-29;14:56:02;20.0;35.0;37.0;35.0;35.05;35.0;37.0;36.0;0.05
2024-05-29;14:56:32;20.0;35.0;37.0;35.0;35.05;35.0;37.0;36.0;0.05
2024-05-29;14:57:02;20.0;35.0;37.0;35.0;35.05;35.0;37.0;36.0;0.05
2024-05-29;14:57:32;20.0;35.0;38.0;34.0;35.05;35.0;37.0;36.0;0.05
2024-05-29;14:58:02;20.0;35.0;37.0;34.0;35.05;35.0;37.0;36.0;0.05
2024-05-29;14:58:32;20.0;35.0;37.0;35.0;35.05;35.0;36.0;36.0;0.05
2024-05-29;14:59:02;20.0;35.0;37.0;35.0;35.05;35.0;37.0;36.0;0.05
2024-05-29;14:59:32;20.0;35.0;37.0;35.0;35.05;35.0;37.0;36.0;0.05
2024-05-29;15:00:02;20.0;35.0;37.0;36.0;35.05;35.0;37.0;36.0;0.05
2024-05-29;15:00:32;20.0;35.0;37.0;36.0;35.05;35.0;36.0;36.0;0.05
2024-05-29;15:01:02;20.0;35.0;38.0;36.0;35.05;35.0;37.0;36.0;0.05
2024-05-29;15:01:32;20.0;35.0;37.0;36.0;35.05;35.0;37.0;36.0;0.05
2024-05-29;15:02:02;20.0;35.0;37.0;35.0;35.05;35.0;36.0;36.0;0.05
2024-05-29;15:02:32;20.0;35.0;37.0;35.0;35.05;35.0;37.0;36.0;0.05
2024-05-29;15:03:02;20.0;35.0;37.0;35.0;35.05;35.0;36.0;36.0;0.05
2024-05-29;15:03:32;20.0;35.0;37.0;34.0;35.05;35.0;51.0;52.0;0.05
2024-05-29;15:04:02;20.0;35.0;37.0;34.0;35.05;35.0;36.0;36.0;0.05
2024-05-29;15:04:32;20.0;35.0;37.0;34.0;35.05;35.0;37.0;36.0;0.05
2024-05-29;15:05:02;20.0;35.0;37.0;35.0;35.05;35.0;37.0;36.0;0.05
2024-05-29;15:05:32;20.0;35.0;37.0;34.0;35.05;35.0;37.0;36.0;0.05
2024-05-29;15:06:02;20.0;35.0;37.0;36.0;35.05;35.0;37.0;36.0;0.05
2024-05-29;15:06:32;20.0;35.0;37.0;34.0;35.05;35.0;37.0;36.0;0.05
2024-05-29;15:07:02;20.0;35.0;37.0;34.0;35.05;35.0;37.0;36.0;0.05
2024-05-29;15:07:32;20.0;35.0;37.0;34.0;35.05;35.0;37.0;36.0;0.05
2024-05-29;15:08:02;20.0;35.0;37.0;35.0;35.05;35.0;37.0;37.0;0.05
2024-05-29;15:08:32;20.0;35.0;37.0;34.0;35.05;35.0;37.0;36.0;0.05
2024-05-29;15:09:03;20.0;35.0;37.0;34.0;35.05;35.0;38.0;36.0;0.05
2024-05-29;15:09:33;20.0;35.0;36.0;36.0;35.05;35.0;38.0;37.0;0.05
2024-05-29;15:10:03;20.0;35.0;37.0;35.0;35.05;35.0;38.0;37.0;0.05
2024-05-29;15:10:33;20.0;35.0;37.0;36.0;35.05;35.0;38.0;37.0;0.05
2024-05-29;15:11:03;20.0;36.0;37.0;37.0;36.05;36.0;38.0;37.0;0.05
2024-05-29;15:11:33;20.0;36.0;37.0;37.0;36.05;36.0;38.0;37.0;0.05
2024-05-29;15:12:03;20.0;36.0;39.0;36.0;36.05;36.0;38.0;38.0;0.05
2024-05-29;15:12:33;20.0;36.0;37.0;36.0;36.05;36.0;38.0;38.0;0.05
2024-05-29;15:13:03;20.0;36.0;37.0;38.0;36.05;36.0;38.0;38.0;0.05
2024-05-29;15:13:33;20.0;36.0;37.0;37.0;36.05;36.0;39.0;38.0;0.05
2024-05-29;15:14:03;20.0;36.0;37.0;37.0;36.05;36.0;39.0;38.0;0.05
2024-05-29;15:14:33;20.0;36.0;37.0;37.0;36.05;36.0;39.0;39.0;0.05
2024-05-29;15:15:03;20.0;36.0;37.0;38.0;36.05;36.0;39.0;39.0;0.05
2024-05-29;15:15:33;20.0;36.0;37.0;37.0;36.05;36.0;39.0;39.0;0.05
2024-05-29;15:16:03;20.0;36.0;37.0;38.0;36.05;36.0;39.0;39.0;0.05
2024-05-29;15:16:33;20.0;36.0;37.0;38.0;36.05;36.0;39.0;38.0;0.05
2024-05-29;15:17:03;20.0;37.0;37.0;37.0;37.05;37.0;39.0;39.0;0.05
2024-05-29;15:17:33;20.0;37.0;37.0;37.0;37.05;37.0;39.0;38.0;0.05
2024-05-29;15:18:03;20.0;37.0;37.0;39.0;37.05;37.0;39.0;39.0;0.05
2024-05-29;15:18:33;20.0;37.0;37.0;38.0;37.05;37.0;39.0;39.0;0.05
2024-05-29;15:19:03;20.0;37.0;37.0;38.0;37.05;37.0;40.0;39.0;0.05
2024-05-29;15:19:33;20.0;37.0;37.0;38.0;37.05;37.0;39.0;38.0;0.05
2024-05-29;15:20:03;20.0;37.0;37.0;38.0;37.05;37.0;39.0;39.0;0.05
2024-05-29;15:20:33;20.0;37.0;37.0;38.0;37.05;37.0;39.0;39.0;0.05
2024-05-29;15:21:03;20.0;37.0;38.0;39.0;37.05;37.0;39.0;39.0;0.05
2024-05-29;15:21:33;20.0;37.0;37.0;38.0;37.05;37.0;39.0;39.0;0.05
2024-05-29;15:22:03;20.0;37.0;37.0;39.0;37.05;37.0;40.0;39.0;0.05
2024-05-29;15:22:33;20.0;37.0;38.0;38.0;37.05;37.0;40.0;39.0;0.05
2024-05-29;15:23:03;20.0;37.0;38.0;38.0;37.05;37.0;40.0;39.0;0.05
2024-05-29;15:23:33;20.0;37.0;38.0;38.0;37.05;37.0;40.0;39.0;0.05
2024-05-29;15:24:04;20.0;37.0;38.0;39.0;37.05;37.0;40.0;39.0;0.05
2024-05-29;15:24:34;20.0;37.0;37.0;38.0;37.05;37.0;40.0;39.0;0.05
2024-05-29;15:25:04;20.0;37.0;38.0;38.0;37.05;37.0;40.0;39.0;0.05
2024-05-29;15:25:34;20.0;37.0;38.0;38.0;37.05;37.0;40.0;39.0;0.05
2024-05-29;15:26:04;20.0;37.0;37.0;38.0;37.05;37.0;40.0;39.0;0.05
2024-05-29;15:26:34;20.0;37.0;38.0;38.0;37.05;37.0;40.0;39.0;0.05
2024-05-29;15:27:04;20.0;37.0;38.0;39.0;37.05;37.0;40.0;39.0;0.05
2024-05-29;15:27:34;20.0;37.0;38.0;38.0;37.05;37.0;39.0;39.0;0.05
2024-05-29;15:28:04;20.0;37.0;38.0;38.0;37.05;37.0;40.0;39.0;0.05
2024-05-29;15:28:34;20.0;37.0;38.0;38.0;37.05;37.0;40.0;40.0;0.05
2024-05-29;15:29:04;20.0;37.0;38.0;40.0;37.05;37.0;40.0;40.0;0.05
2024-05-29;15:29:34;20.0;37.0;38.0;38.0;37.05;37.0;40.0;39.0;0.05
2024-05-29;15:30:04;20.0;37.0;40.0;38.0;37.05;37.0;40.0;40.0;0.05
2024-05-29;15:30:34;20.0;37.0;38.0;38.0;37.05;37.0;40.0;39.0;0.05
2024-05-29;15:31:04;20.0;37.0;38.0;38.0;37.05;37.0;40.0;39.0;0.05
2024-05-29;15:31:34;20.0;37.0;38.0;37.0;37.05;37.0;40.0;39.0;0.05
2024-05-29;15:32:04;20.0;37.0;38.0;39.0;37.05;37.0;40.0;39.0;0.05
2024-05-29;15:32:34;20.0;37.0;39.0;38.0;37.05;37.0;40.0;39.0;0.05
2024-05-29;15:33:04;20.0;37.0;39.0;37.0;37.05;37.0;40.0;39.0;0.05
2024-05-29;15:33:34;20.0;37.0;39.0;38.0;37.05;37.0;39.0;39.0;0.05
2024-05-29;15:34:04;20.0;37.0;39.0;38.0;37.05;37.0;40.0;39.0;0.05
2024-05-29;15:34:34;20.0;37.0;39.0;36.0;37.05;37.0;39.0;38.0;0.05
2024-05-29;15:35:04;20.0;36.0;39.0;37.0;36.05;36.0;39.0;39.0;0.05
2024-05-29;15:35:34;20.0;36.0;39.0;38.0;36.05;36.0;38.0;37.0;0.05
2024-05-29;15:36:04;20.0;36.0;40.0;35.0;36.05;36.0;38.0;37.0;0.05
2024-05-29;15:36:34;20.0;36.0;38.0;36.0;36.05;36.0;38.0;37.0;0.05
2024-05-29;15:37:04;20.0;36.0;38.0;36.0;36.05;36.0;38.0;38.0;0.05
2024-05-29;15:37:34;20.0;36.0;38.0;36.0;36.05;36.0;37.0;37.0;0.05
2024-05-29;15:38:04;20.0;36.0;38.0;36.0;36.05;36.0;39.0;38.0;0.05
2024-05-29;15:38:34;20.0;36.0;38.0;36.0;36.05;36.0;38.0;37.0;0.05
2024-05-29;15:39:05;20.0;36.0;38.0;36.0;36.05;36.0;38.0;38.0;0.05
2024-05-29;15:39:35;20.0;36.0;38.0;37.0;36.05;36.0;38.0;38.0;0.05
2024-05-29;15:40:05;20.0;36.0;39.0;36.0;36.05;36.0;38.0;38.0;0.05
2024-05-29;15:40:35;20.0;36.0;40.0;36.0;36.05;36.0;38.0;37.0;0.05
2024-05-29;15:41:05;20.0;36.0;38.0;36.0;36.05;36.0;38.0;37.0;0.05
2024-05-29;15:41:35;20.0;36.0;38.0;36.0;36.05;36.0;37.0;37.0;0.05
2024-05-29;15:42:05;20.0;35.0;38.0;35.0;35.05;35.0;37.0;37.0;0.05
2024-05-29;15:42:35;20.0;36.0;38.0;36.0;36.05;36.0;38.0;37.0;0.05
2024-05-29;15:43:05;20.0;36.0;39.0;37.0;36.05;36.0;38.0;38.0;0.05
2024-05-29;15:43:35;20.0;36.0;39.0;36.0;36.05;36.0;38.0;38.0;0.05
2024-05-29;15:44:05;20.0;36.0;38.0;36.0;36.05;36.0;37.0;37.0;0.05
2024-05-29;15:44:35;20.0;35.0;38.0;35.0;35.05;35.0;37.0;37.0;0.05
2024-05-29;15:45:05;20.0;35.0;38.0;36.0;35.05;35.0;37.0;37.0;0.05
2024-05-29;15:45:35;20.0;35.0;38.0;36.0;35.05;35.0;37.0;37.0;0.05
2024-05-29;15:46:05;20.0;36.0;39.0;35.0;36.05;36.0;38.0;37.0;0.05
2024-06-14;22:33:54;20.0;45.0;44.0;44.0;45.05;45.0;73.0;73.0;0.05
2024-06-14;22:34:54;20.0;42.0;46.0;42.0;42.05;42.0;44.0;43.0;0.05
2024-06-14;22:35:54;20.0;41.0;46.0;40.0;41.05;41.0;43.0;42.0;0.05
2024-06-14;22:36:54;20.0;40.0;50.0;41.0;40.05;40.0;42.0;42.0;0.05
2024-06-14;22:37:54;20.0;44.0;51.0;43.0;44.05;44.0;45.0;45.0;0.05
2024-06-14;22:38:54;20.0;41.0;51.0;39.0;41.05;41.0;42.0;42.0;0.05
2024-06-14;22:39:54;20.0;39.0;51.0;38.0;39.05;39.0;42.0;41.0;0.05
2024-06-14;22:40:54;20.0;39.0;51.0;39.0;39.05;39.0;41.0;40.0;0.05
2024-06-14;22:41:54;20.0;38.0;50.0;39.0;38.05;38.0;41.0;40.0;0.05
2024-06-14;22:42:54;20.0;38.0;48.0;38.0;38.05;38.0;40.0;40.0;0.05
2024-06-14;22:43:54;20.0;37.0;48.0;38.0;37.05;37.0;40.0;39.0;0.05
2024-06-14;22:44:54;20.0;37.0;46.0;37.0;37.05;37.0;39.0;39.0;0.05
2024-06-14;22:45:54;20.0;37.0;44.0;37.0;37.05;37.0;38.0;38.0;0.05
2024-06-14;22:46:54;20.0;36.0;44.0;36.0;36.05;36.0;39.0;39.0;0.05
2024-06-14;22:47:54;20.0;36.0;43.0;37.0;36.05;36.0;38.0;38.0;0.05
2024-06-14;22:48:55;20.0;36.0;43.0;37.0;36.05;36.0;38.0;38.0;0.05
2024-06-14;22:49:55;20.0;36.0;44.0;36.0;36.05;36.0;38.0;37.0;0.05
2024-06-14;22:50:55;20.0;36.0;41.0;37.0;36.05;36.0;38.0;37.0;0.05
2024-06-14;22:51:55;20.0;36.0;43.0;36.0;36.05;36.0;38.0;38.0;0.05
2024-06-14;22:52:55;20.0;36.0;44.0;37.0;36.05;36.0;38.0;37.0;0.05
2024-06-14;22:53:55;20.0;36.0;43.0;36.0;36.05;36.0;39.0;38.0;0.05
2024-06-14;22:54:55;20.0;36.0;44.0;35.0;36.05;36.0;38.0;37.0;0.05
2024-06-14;22:55:55;20.0;36.0;44.0;36.0;36.05;36.0;38.0;37.0;0.05
2024-06-14;22:56:55;20.0;36.0;46.0;36.0;36.05;36.0;38.0;38.0;0.05
2024-06-14;22:57:55;20.0;36.0;45.0;36.0;36.05;36.0;39.0;39.0;0.05
2024-06-14;22:58:55;20.0;36.0;45.0;36.0;36.05;36.0;39.0;37.0;0.05
2024-06-14;22:59:55;20.0;36.0;46.0;36.0;36.05;36.0;38.0;38.0;0.05
2024-06-14;23:00:55;20.0;36.0;44.0;36.0;36.05;36.0;38.0;38.0;0.05
2024-06-14;23:01:55;20.0;36.0;44.0;36.0;36.05;36.0;38.0;38.0;0.05
2024-06-14;23:02:55;20.0;36.0;45.0;37.0;36.05;36.0;38.0;38.0;0.05
2024-06-14;23:03:55;20.0;36.0;45.0;36.0;36.05;36.0;38.0;38.0;0.05
2024-06-14;23:04:55;20.0;36.0;44.0;36.0;36.05;36.0;38.0;37.0;0.05
2024-06-14;23:05:55;20.0;36.0;44.0;36.0;36.05;36.0;38.0;38.0;0.05
2024-06-14;23:06:55;20.0;36.0;44.0;37.0;36.05;36.0;38.0;38.0;0.05
2024-06-14;23:07:55;20.0;36.0;44.0;35.0;36.05;36.0;38.0;39.0;0.05
2024-06-14;23:08:56;20.0;36.0;43.0;36.0;36.05;36.0;39.0;38.0;0.05
2024-06-14;23:09:56;20.0;36.0;44.0;36.0;36.05;36.0;38.0;38.0;0.05
2024-06-14;23:10:56;20.0;36.0;43.0;36.0;36.05;36.0;38.0;37.0;0.05
2024-06-14;23:11:56;20.0;36.0;44.0;36.0;36.05;36.0;38.0;37.0;0.05
2024-06-14;23:12:56;20.0;36.0;44.0;36.0;36.05;36.0;38.0;37.0;0.05
2024-06-14;23:13:56;20.0;36.0;41.0;36.0;36.05;36.0;38.0;38.0;0.05
2024-06-14;23:14:56;20.0;36.0;42.0;36.0;36.05;36.0;40.0;39.0;0.05
2024-06-14;23:15:56;20.0;36.0;43.0;36.0;36.05;36.0;38.0;38.0;0.05
2024-06-14;23:16:56;20.0;36.0;40.0;37.0;36.05;36.0;38.0;37.0;0.05
2024-06-14;23:17:56;20.0;36.0;44.0;36.0;36.05;36.0;38.0;38.0;0.05
2024-06-14;23:18:56;20.0;36.0;40.0;36.0;36.05;36.0;38.0;37.0;0.05
2024-06-14;23:19:56;20.0;36.0;42.0;36.0;36.05;36.0;38.0;38.0;0.05
2024-06-14;23:20:56;20.0;36.0;43.0;36.0;36.05;36.0;38.0;38.0;0.05
2024-06-14;23:21:56;20.0;36.0;42.0;35.0;36.05;36.0;38.0;37.0;0.05
2024-06-14;23:22:56;20.0;36.0;44.0;36.0;36.05;36.0;38.0;38.0;0.05
2024-06-14;23:23:56;20.0;36.0;40.0;37.0;36.05;36.0;38.0;37.0;0.05
2024-06-14;23:24:57;20.0;36.0;41.0;37.0;36.05;36.0;38.0;39.0;0.05
2024-06-14;23:25:57;20.0;36.0;40.0;38.0;36.05;36.0;38.0;38.0;0.05
2024-06-14;23:26:57;20.0;36.0;41.0;36.0;36.05;36.0;39.0;39.0;0.05
2024-06-14;23:27:57;20.0;36.0;40.0;36.0;36.05;36.0;38.0;37.0;0.05
2024-06-14;23:28:57;20.0;36.0;42.0;36.0;36.05;36.0;38.0;38.0;0.05
2024-06-14;23:29:57;20.0;36.0;44.0;37.0;36.05;36.0;38.0;38.0;0.05
2024-06-14;23:30:57;20.0;36.0;43.0;36.0;36.05;36.0;39.0;38.0;0.05
2024-06-14;23:31:57;20.0;36.0;43.0;36.0;36.05;36.0;38.0;38.0;0.05
2024-06-14;23:32:57;20.0;36.0;40.0;35.0;36.05;36.0;38.0;38.0;0.05
2024-06-14;23:33:57;20.0;36.0;43.0;36.0;36.05;36.0;38.0;38.0;0.05
2024-06-14;23:34:57;20.0;36.0;40.0;37.0;36.05;36.0;38.0;37.0;0.05
2024-06-14;23:35:57;20.0;36.0;41.0;36.0;36.05;36.0;38.0;38.0;0.05
2024-06-14;23:36:57;20.0;36.0;41.0;36.0;36.05;36.0;38.0;38.0;0.05
2024-06-14;23:37:57;20.0;36.0;41.0;36.0;36.05;36.0;38.0;38.0;0.05
2024-06-14;23:38:57;20.0;36.0;44.0;35.0;36.05;36.0;38.0;37.0;0.05
2024-06-14;23:39:57;20.0;36.0;43.0;36.0;36.05;36.0;38.0;37.0;0.05
2024-06-14;23:40:57;20.0;36.0;43.0;36.0;36.05;36.0;39.0;39.0;0.05
2024-06-14;23:41:58;20.0;36.0;43.0;36.0;36.05;36.0;38.0;38.0;0.05
2024-06-14;23:42:58;20.0;36.0;43.0;36.0;36.05;36.0;38.0;38.0;0.05
2024-06-14;23:43:58;20.0;36.0;43.0;36.0;36.05;36.0;38.0;38.0;0.05
2024-06-14;23:44:58;20.0;36.0;44.0;37.0;36.05;36.0;38.0;38.0;0.05
2024-06-14;23:45:58;20.0;36.0;43.0;36.0;36.05;36.0;39.0;38.0;0.05
2024-06-14;23:46:58;20.0;36.0;43.0;36.0;36.05;36.0;38.0;39.0;0.05
2024-06-14;23:47:58;20.0;36.0;43.0;35.0;36.05;36.0;39.0;39.0;0.05
2024-06-14;23:48:58;20.0;36.0;42.0;36.0;36.05;36.0;38.0;38.0;0.05
2024-06-14;23:49:58;20.0;36.0;41.0;37.0;36.05;36.0;38.0;38.0;0.05
2024-06-14;23:50:58;20.0;36.0;43.0;36.0;36.05;36.0;41.0;40.0;0.05
2024-06-14;23:51:58;20.0;36.0;41.0;37.0;36.05;36.0;38.0;38.0;0.05
2024-06-14;23:52:58;20.0;36.0;43.0;37.0;36.05;36.0;38.0;38.0;0.05
2024-06-14;23:53:58;20.0;36.0;41.0;36.0;36.05;36.0;39.0;37.0;0.05
2024-06-14;23:54:58;20.0;36.0;44.0;37.0;36.05;36.0;38.0;38.0;0.05
2024-06-14;23:55:58;20.0;36.0;44.0;37.0;36.05;36.0;39.0;38.0;0.05
2024-06-14;23:56:58;20.0;36.0;45.0;37.0;36.05;36.0;39.0;38.0;0.05
2024-06-14;23:57:58;20.0;36.0;43.0;36.0;36.05;36.0;38.0;39.0;0.05
2024-06-14;23:58:59;20.0;36.0;44.0;37.0;36.05;36.0;39.0;38.0;0.05
2024-06-14;23:59:59;20.0;36.0;44.0;37.0;36.05;36.0;39.0;38.0;0.05
2024-06-15;00:00:59;20.0;36.0;42.0;36.0;36.05;36.0;39.0;39.0;0.05
2024-06-15;00:01:59;20.0;36.0;41.0;37.0;36.05;36.0;39.0;39.0;0.05
2024-06-15;00:02:59;20.0;36.0;44.0;36.0;36.05;36.0;39.0;38.0;0.05
2024-06-15;00:03:59;20.0;36.0;42.0;37.0;36.05;36.0;38.0;38.0;0.05
2024-06-15;00:04:59;20.0;36.0;43.0;36.0;36.05;36.0;39.0;38.0;0.05
2024-06-15;00:05:59;20.0;36.0;43.0;38.0;36.05;36.0;41.0;40.0;0.05
2024-06-15;00:06:59;20.0;36.0;44.0;36.0;36.05;36.0;39.0;39.0;0.05
2024-06-15;00:07:59;20.0;36.0;43.0;36.0;36.05;36.0;39.0;38.0;0.05
2024-06-15;00:08:59;20.0;36.0;42.0;36.0;36.05;36.0;38.0;38.0;0.05
2024-06-15;00:09:59;20.0;36.0;41.0;36.0;36.05;36.0;38.0;38.0;0.05
2024-06-15;00:10:59;20.0;36.0;44.0;37.0;36.05;36.0;38.0;37.0;0.05
2024-06-15;00:11:59;20.0;36.0;42.0;36.0;36.05;36.0;40.0;39.0;0.05
2024-06-15;00:12:59;20.0;36.0;43.0;36.0;36.05;36.0;38.0;38.0;0.05
2024-06-15;00:13:59;20.0;36.0;41.0;36.0;36.05;36.0;39.0;38.0;0.05
2024-06-15;00:14:59;20.0;36.0;41.0;37.0;36.05;36.0;38.0;38.0;0.05
2024-06-15;00:15:59;20.0;36.0;42.0;36.0;36.05;36.0;38.0;38.0;0.05
2024-06-15;00:17:00;20.0;36.0;42.0;37.0;36.05;36.0;38.0;38.0;0.05
2024-06-15;00:18:00;20.0;36.0;41.0;36.0;36.05;36.0;39.0;38.0;0.05
2024-06-15;00:19:00;20.0;36.0;42.0;38.0;36.05;36.0;39.0;38.0;0.05
2024-06-15;00:20:00;20.0;36.0;41.0;37.0;36.05;36.0;39.0;37.0;0.05
2024-06-15;00:21:00;20.0;36.0;42.0;37.0;36.05;36.0;38.0;38.0;0.05
2024-06-15;00:22:00;20.0;36.0;44.0;36.0;36.05;36.0;38.0;37.0;0.05
2024-06-15;00:23:00;20.0;36.0;44.0;36.0;36.05;36.0;39.0;38.0;0.05
2024-06-15;00:24:00;20.0;36.0;45.0;36.0;36.05;36.0;39.0;39.0;0.05
2024-06-15;00:25:00;20.0;36.0;44.0;36.0;36.05;36.0;38.0;38.0;0.05
2024-06-15;00:26:00;20.0;36.0;44.0;37.0;36.05;36.0;39.0;38.0;0.05
2024-06-15;00:27:00;20.0;36.0;44.0;36.0;36.05;36.0;39.0;39.0;0.05
2024-06-15;00:28:00;20.0;36.0;44.0;36.0;36.05;36.0;39.0;39.0;0.05
2024-06-15;00:29:00;20.0;36.0;44.0;36.0;36.05;36.0;39.0;39.0;0.05
2024-06-15;00:30:00;20.0;36.0;44.0;36.0;36.05;36.0;39.0;38.0;0.05
2024-06-15;00:31:00;20.0;36.0;42.0;37.0;36.05;36.0;39.0;38.0;0.05
2024-06-15;00:32:00;20.0;36.0;46.0;36.0;36.05;36.0;39.0;38.0;0.05
2024-06-15;00:33:00;20.0;36.0;44.0;36.0;36.05;36.0;40.0;39.0;0.05
2024-06-15;00:34:01;20.0;36.0;44.0;37.0;36.05;36.0;39.0;38.0;0.05
2024-06-15;00:35:01;20.0;36.0;46.0;37.0;36.05;36.0;39.0;39.0;0.05
2024-06-15;00:36:01;20.0;37.0;46.0;38.0;37.05;37.0;40.0;39.0;0.05
2024-06-15;00:37:01;20.0;37.0;47.0;37.0;37.05;37.0;40.0;39.0;0.05
2024-06-15;00:38:01;20.0;37.0;47.0;37.0;37.05;37.0;39.0;39.0;0.05
2024-06-15;00:39:01;20.0;36.0;46.0;37.0;36.05;36.0;39.0;38.0;0.05
2024-06-15;00:40:01;20.0;36.0;46.0;36.0;36.05;36.0;39.0;38.0;0.05
2024-06-15;00:41:01;20.0;36.0;45.0;37.0;36.05;36.0;39.0;38.0;0.05
2024-06-15;00:42:01;20.0;36.0;45.0;37.0;36.05;36.0;39.0;37.0;0.05
2024-06-15;00:43:01;20.0;36.0;43.0;37.0;36.05;36.0;39.0;38.0;0.05
2024-06-15;00:44:01;20.0;36.0;44.0;36.0;36.05;36.0;38.0;37.0;0.05
2024-06-15;00:45:01;20.0;36.0;45.0;36.0;36.05;36.0;38.0;37.0;0.05
2024-06-15;00:46:01;20.0;36.0;44.0;37.0;36.05;36.0;38.0;37.0;0.05
2024-06-15;00:47:01;20.0;36.0;42.0;36.0;36.05;36.0;38.0;37.0;0.05
2024-06-15;00:48:01;20.0;35.0;44.0;36.0;35.05;35.0;38.0;38.0;0.05
2024-06-15;00:49:01;20.0;35.0;44.0;36.0;35.05;35.0;38.0;37.0;0.05
2024-06-15;00:50:01;20.0;35.0;43.0;36.0;35.05;35.0;38.0;37.0;0.05
2024-06-15;00:51:01;20.0;35.0;44.0;37.0;35.05;35.0;38.0;37.0;0.05
2024-06-15;00:52:01;20.0;35.0;43.0;35.0;35.05;35.0;38.0;37.0;0.05
2024-06-15;00:53:01;20.0;35.0;43.0;36.0;35.05;35.0;38.0;37.0;0.05
2024-06-15;00:54:02;20.0;35.0;44.0;36.0;35.05;35.0;38.0;37.0;0.05
2024-06-15;00:55:02;20.0;35.0;41.0;36.0;35.05;35.0;38.0;37.0;0.05
2024-06-15;00:56:02;20.0;35.0;41.0;36.0;35.05;35.0;37.0;37.0;0.05
2024-06-15;00:57:02;20.0;35.0;44.0;34.0;35.05;35.0;38.0;37.0;0.05
2024-06-15;00:58:02;20.0;35.0;43.0;36.0;35.05;35.0;38.0;38.0;0.05
2024-06-15;00:59:02;20.0;35.0;42.0;36.0;35.05;35.0;38.0;37.0;0.05
2024-06-15;01:00:02;20.0;35.0;43.0;36.0;35.05;35.0;38.0;37.0;0.05
2024-06-15;01:01:02;20.0;35.0;41.0;36.0;35.05;35.0;37.0;37.0;0.05
2024-06-15;01:02:02;20.0;35.0;43.0;36.0;35.05;35.0;38.0;37.0;0.05
2024-06-15;01:03:02;20.0;35.0;44.0;34.0;35.05;35.0;37.0;37.0;0.05
2024-06-15;01:04:02;20.0;35.0;43.0;36.0;35.05;35.0;37.0;37.0;0.05
2024-06-15;01:05:02;20.0;35.0;41.0;34.0;35.05;35.0;37.0;37.0;0.05
2024-06-15;01:06:02;20.0;35.0;41.0;36.0;35.05;35.0;38.0;37.0;0.05
2024-06-15;01:07:02;20.0;35.0;41.0;36.0;35.05;35.0;37.0;36.0;0.05
2024-06-15;01:08:02;20.0;35.0;43.0;35.0;35.05;35.0;37.0;37.0;0.05
2024-06-15;01:09:02;20.0;35.0;41.0;35.0;35.05;35.0;37.0;37.0;0.05
2024-06-15;01:10:03;20.0;35.0;42.0;36.0;35.05;35.0;37.0;37.0;0.05
2024-06-15;01:11:03;20.0;35.0;42.0;35.0;35.05;35.0;37.0;37.0;0.05
2024-06-15;01:12:03;20.0;35.0;44.0;35.0;35.05;35.0;37.0;37.0;0.05
2024-06-15;01:13:03;20.0;35.0;41.0;34.0;35.05;35.0;37.0;37.0;0.05
2024-06-15;01:14:03;20.0;35.0;42.0;37.0;35.05;35.0;37.0;37.0;0.05
2024-06-15;01:15:03;20.0;35.0;41.0;35.0;35.05;35.0;37.0;36.0;0.05
2024-06-15;01:16:03;20.0;35.0;43.0;36.0;35.05;35.0;37.0;36.0;0.05
2024-06-15;01:17:03;20.0;35.0;43.0;35.0;35.05;35.0;37.0;36.0;0.05
2024-06-15;01:18:03;20.0;35.0;40.0;36.0;35.05;35.0;37.0;37.0;0.05
2024-06-15;01:19:03;20.0;35.0;41.0;35.0;35.05;35.0;37.0;37.0;0.05
2024-06-15;01:20:03;20.0;35.0;40.0;35.0;35.05;35.0;37.0;36.0;0.05
2024-06-15;01:21:03;20.0;35.0;41.0;35.0;35.05;35.0;37.0;37.0;0.05
2024-06-15;01:22:03;20.0;35.0;43.0;36.0;35.05;35.0;37.0;36.0;0.05
2024-06-15;01:23:03;20.0;35.0;44.0;35.0;35.05;35.0;37.0;37.0;0.05
2024-06-15;01:24:03;20.0;35.0;44.0;35.0;35.05;35.0;37.0;37.0;0.05
2024-06-15;01:25:03;20.0;35.0;44.0;35.0;35.05;35.0;37.0;36.0;0.05
2024-06-15;01:26:03;20.0;35.0;44.0;36.0;35.05;35.0;37.0;37.0;0.05
2024-06-15;01:27:03;20.0;35.0;44.0;35.0;35.05;35.0;37.0;37.0;0.05
2024-06-15;01:28:03;20.0;35.0;43.0;36.0;35.05;35.0;37.0;36.0;0.05
2024-06-15;01:29:04;20.0;35.0;41.0;36.0;35.05;35.0;37.0;37.0;0.05
2024-06-15;01:30:04;20.0;35.0;43.0;36.0;35.05;35.0;37.0;37.0;0.05
2024-06-15;01:31:04;20.0;35.0;43.0;35.0;35.05;35.0;37.0;37.0;0.05
2024-06-15;01:32:04;20.0;35.0;42.0;36.0;35.05;35.0;37.0;37.0;0.05
2024-06-15;01:33:04;20.0;35.0;39.0;36.0;35.05;35.0;37.0;36.0;0.05
2024-06-15;01:34:04;20.0;35.0;38.0;34.0;35.05;35.0;37.0;36.0;0.05
2024-06-15;01:35:04;20.0;35.0;40.0;34.0;35.05;35.0;37.0;36.0;0.05
2024-06-15;01:36:04;20.0;35.0;40.0;35.0;35.05;35.0;36.0;36.0;0.05
2024-06-15;01:37:04;20.0;35.0;41.0;36.0;35.05;35.0;37.0;37.0;0.05
2024-06-15;01:38:04;20.0;35.0;38.0;34.0;35.05;35.0;37.0;36.0;0.05
2024-06-15;01:39:04;20.0;35.0;41.0;37.0;35.05;35.0;36.0;36.0;0.05
2024-06-15;01:40:04;20.0;35.0;41.0;36.0;35.05;35.0;37.0;36.0;0.05
2024-06-15;01:41:04;20.0;35.0;43.0;34.0;35.05;35.0;37.0;37.0;0.05
2024-06-15;01:42:04;20.0;35.0;43.0;34.0;35.05;35.0;37.0;36.0;0.05
2024-06-15;01:43:04;20.0;35.0;43.0;34.0;35.05;35.0;37.0;36.0;0.05
2024-06-15;01:44:04;20.0;35.0;43.0;35.0;35.05;35.0;37.0;36.0;0.05
2024-06-15;01:45:04;20.0;35.0;43.0;36.0;35.05;35.0;37.0;36.0;0.05
2024-06-15;01:46:04;20.0;35.0;41.0;36.0;35.05;35.0;36.0;36.0;0.05
2024-06-15;01:47:04;20.0;35.0;40.0;34.0;35.05;35.0;37.0;37.0;0.05
2024-06-15;01:48:05;20.0;35.0;40.0;35.0;35.05;35.0;37.0;36.0;0.05
2024-06-15;01:49:05;20.0;35.0;41.0;36.0;35.05;35.0;38.0;37.0;0.05
2024-06-15;01:50:05;20.0;35.0;38.0;38.0;35.05;35.0;38.0;37.0;0.05
2024-06-15;01:51:05;20.0;36.0;39.0;36.0;36.05;36.0;38.0;38.0;0.05
2024-06-15;01:52:05;20.0;36.0;40.0;37.0;36.05;36.0;38.0;38.0;0.05
2024-06-15;01:53:05;20.0;36.0;40.0;37.0;36.05;36.0;39.0;38.0;0.05
2024-06-15;01:54:05;20.0;36.0;38.0;36.0;36.05;36.0;38.0;38.0;0.05
2024-06-15;01:55:05;20.0;36.0;40.0;37.0;36.05;36.0;39.0;39.0;0.05
2024-06-15;01:56:05;20.0;36.0;42.0;36.0;36.05;36.0;39.0;38.0;0.05
2024-06-15;01:57:05;20.0;36.0;41.0;38.0;36.05;36.0;39.0;38.0;0.05
2024-06-15;01:58:05;20.0;37.0;39.0;38.0;37.05;37.0;39.0;39.0;0.05
2024-06-15;01:59:05;20.0;37.0;41.0;37.0;37.05;37.0;39.0;39.0;0.05
2024-06-15;02:00:05;20.0;37.0;41.0;38.0;37.05;37.0;39.0;39.0;0.05
2024-06-15;02:01:05;20.0;37.0;39.0;38.0;37.05;37.0;39.0;39.0;0.05
2024-06-15;02:02:05;20.0;37.0;41.0;38.0;37.05;37.0;39.0;39.0;0.05
2024-06-15;02:03:05;20.0;37.0;41.0;38.0;37.05;37.0;39.0;39.0;0.05
2024-06-15;02:04:05;20.0;37.0;39.0;38.0;37.05;37.0;41.0;40.0;0.05
2024-06-15;02:05:05;20.0;37.0;42.0;38.0;37.05;37.0;39.0;39.0;0.05
2024-06-15;02:06:05;20.0;37.0;40.0;39.0;37.05;37.0;40.0;39.0;0.05
2024-06-15;02:07:06;20.0;37.0;40.0;38.0;37.05;37.0;40.0;39.0;0.05
2024-06-15;02:08:06;20.0;37.0;41.0;38.0;37.05;37.0;40.0;40.0;0.05
2024-06-15;02:09:06;20.0;37.0;42.0;38.0;37.05;37.0;40.0;39.0;0.05
2024-06-15;02:10:06;20.0;37.0;42.0;38.0;37.05;37.0;40.0;39.0;0.05
2024-06-15;02:11:06;20.0;37.0;44.0;37.0;37.05;37.0;40.0;39.0;0.05
2024-06-15;02:12:06;20.0;37.0;44.0;38.0;37.05;37.0;40.0;40.0;0.05
2024-06-15;02:13:06;20.0;37.0;46.0;38.0;37.05;37.0;39.0;39.0;0.05
2024-06-15;02:14:06;20.0;36.0;44.0;37.0;36.05;36.0;38.0;38.0;0.05
2024-06-15;02:15:06;20.0;36.0;43.0;37.0;36.05;36.0;38.0;38.0;0.05
2024-06-15;02:16:06;20.0;36.0;41.0;36.0;36.05;36.0;39.0;38.0;0.05
2024-06-15;02:17:06;20.0;36.0;42.0;36.0;36.05;36.0;37.0;37.0;0.05
2024-06-15;02:18:06;20.0;36.0;42.0;36.0;36.05;36.0;37.0;37.0;0.05
2024-06-15;02:19:06;20.0;35.0;43.0;36.0;35.05;35.0;37.0;37.0;0.05
2024-06-15;02:20:06;20.0;35.0;42.0;36.0;35.05;35.0;37.0;37.0;0.05
2024-06-15;02:21:06;20.0;35.0;41.0;36.0;35.05;35.0;37.0;37.0;0.05
2024-06-15;02:22:06;20.0;35.0;41.0;36.0;35.05;35.0;37.0;36.0;0.05
2024-06-15;02:23:06;20.0;35.0;43.0;35.0;35.05;35.0;37.0;36.0;0.05
2024-06-15;02:24:06;20.0;35.0;41.0;36.0;35.05;35.0;37.0;37.0;0.05
2024-06-15;02:25:06;20.0;35.0;42.0;36.0;35.05;35.0;37.0;36.0;0.05
2024-06-15;02:26:07;20.0;35.0;42.0;35.0;35.05;35.0;38.0;37.0;0.05
2024-06-15;02:27:07;20.0;35.0;42.0;34.0;35.05;35.0;37.0;36.0;0.05
2024-06-15;02:28:07;20.0;35.0;44.0;34.0;35.05;35.0;37.0;37.0;0.05
2024-06-15;02:29:07;20.0;35.0;43.0;36.0;35.05;35.0;37.0;36.0;0.05
2024-06-15;02:30:07;20.0;35.0;44.0;36.0;35.05;35.0;37.0;37.0;0.05
2024-06-15;02:31:07;20.0;35.0;42.0;35.0;35.05;35.0;37.0;36.0;0.05
2024-06-15;02:32:07;20.0;36.0;43.0;36.0;36.05;36.0;38.0;37.0;0.05
2024-06-15;02:33:07;20.0;35.0;43.0;36.0;35.05;35.0;37.0;36.0;0.05
2024-06-15;02:34:07;20.0;35.0;41.0;35.0;35.05;35.0;37.0;37.0;0.05
2024-06-15;02:35:07;20.0;35.0;43.0;36.0;35.05;35.0;38.0;38.0;0.05
2024-06-15;02:36:07;20.0;35.0;43.0;35.0;35.05;35.0;37.0;37.0;0.05
2024-06-15;02:37:07;20.0;35.0;43.0;36.0;35.05;35.0;37.0;37.0;0.05
2024-06-15;02:38:07;20.0;35.0;44.0;36.0;35.05;35.0;37.0;37.0;0.05
2024-06-15;02:39:07;20.0;35.0;43.0;36.0;35.05;35.0;37.0;37.0;0.05
2024-06-15;02:40:07;20.0;35.0;44.0;36.0;35.05;35.0;36.0;36.0;0.05
2024-06-15;02:41:07;20.0;35.0;43.0;35.0;35.05;35.0;37.0;37.0;0.05
2024-06-15;02:42:07;20.0;35.0;44.0;35.0;35.05;35.0;37.0;37.0;0.05
2024-06-15;02:43:07;20.0;35.0;44.0;35.0;35.05;35.0;42.0;42.0;0.05
2024-06-15;02:44:07;20.0;35.0;44.0;36.0;35.05;35.0;37.0;37.0;0.05
2024-06-15;02:45:07;20.0;35.0;43.0;35.0;35.05;35.0;37.0;36.0;0.05
2024-06-15;02:46:07;20.0;35.0;43.0;35.0;35.05;35.0;37.0;36.0;0.05
2024-06-15;02:47:08;20.0;35.0;41.0;35.0;35.05;35.0;43.0;43.0;0.05
2024-06-15;02:48:08;20.0;35.0;42.0;36.0;35.05;35.0;37.0;37.0;0.05
2024-06-15;02:49:08;20.0;35.0;39.0;36.0;35.05;35.0;37.0;37.0;0.05
2024-06-15;02:50:08;20.0;35.0;40.0;34.0;35.05;35.0;36.0;36.0;0.05
2024-06-15;02:51:08;20.0;35.0;41.0;35.0;35.05;35.0;37.0;37.0;0.05
2024-06-15;02:52:08;20.0;35.0;40.0;36.0;35.05;35.0;37.0;36.0;0.05
2024-06-15;02:53:08;20.0;35.0;40.0;35.0;35.05;35.0;36.0;36.0;0.05
2024-06-15;02:54:08;20.0;35.0;41.0;34.0;35.05;35.0;36.0;36.0;0.05
2024-06-15;02:55:08;20.0;35.0;39.0;35.0;35.05;35.0;37.0;36.0;0.05
2024-06-15;02:56:08;20.0;35.0;42.0;35.0;35.05;35.0;36.0;36.0;0.05
2024-06-15;02:57:08;20.0;35.0;42.0;36.0;35.05;35.0;36.0;36.0;0.05
2024-06-15;02:58:08;20.0;35.0;42.0;36.0;35.05;35.0;36.0;36.0;0.05
2024-06-15;02:59:08;20.0;35.0;40.0;34.0;35.05;35.0;36.0;36.0;0.05
2024-06-15;03:00:08;20.0;35.0;40.0;35.0;35.05;35.0;37.0;37.0;0.05
2024-06-15;03:01:08;20.0;35.0;42.0;36.0;35.05;35.0;38.0;38.0;0.05
2024-06-15;03:02:08;20.0;36.0;43.0;36.0;36.05;36.0;38.0;38.0;0.05
2024-06-15;03:03:09;20.0;36.0;43.0;36.0;36.05;36.0;38.0;38.0;0.05
2024-06-15;03:04:09;20.0;36.0;44.0;37.0;36.05;36.0;39.0;39.0;0.05
2024-06-15;03:05:09;20.0;36.0;42.0;37.0;36.05;36.0;39.0;38.0;0.05
2024-06-15;03:06:09;20.0;37.0;44.0;38.0;37.05;37.0;39.0;39.0;0.05
2024-06-15;03:07:09;20.0;37.0;44.0;38.0;37.05;37.0;40.0;39.0;0.05
2024-06-15;03:08:09;20.0;37.0;44.0;39.0;37.05;37.0;39.0;39.0;0.05
2024-06-15;03:09:09;20.0;37.0;43.0;38.0;37.05;37.0;40.0;39.0;0.05
2024-06-15;03:10:09;20.0;37.0;44.0;39.0;37.05;37.0;40.0;39.0;0.05
2024-06-15;03:11:09;20.0;37.0;43.0;38.0;37.05;37.0;40.0;39.0;0.05
2024-06-15;03:12:09;20.0;37.0;44.0;38.0;37.05;37.0;39.0;39.0;0.05
2024-06-15;03:13:09;20.0;37.0;43.0;38.0;37.05;37.0;39.0;39.0;0.05
2024-06-15;03:14:09;20.0;37.0;44.0;38.0;37.05;37.0;41.0;41.0;0.05
2024-06-15;03:15:09;20.0;37.0;41.0;38.0;37.05;37.0;39.0;39.0;0.05
2024-06-15;03:16:09;20.0;37.0;43.0;38.0;37.05;37.0;40.0;39.0;0.05
2024-06-15;03:17:09;20.0;37.0;43.0;39.0;37.05;37.0;40.0;39.0;0.05
2024-06-15;03:18:09;20.0;37.0;44.0;38.0;37.05;37.0;41.0;41.0;0.05
2024-06-15;03:19:09;20.0;37.0;43.0;39.0;37.05;37.0;40.0;39.0;0.05
2024-06-15;03:20:10;20.0;37.0;43.0;38.0;37.05;37.0;40.0;40.0;0.05
2024-06-15;03:21:10;20.0;37.0;46.0;38.0;37.05;37.0;39.0;39.0;0.05
2024-06-15;03:22:10;20.0;37.0;46.0;37.0;37.05;37.0;39.0;39.0;0.05
2024-06-15;03:23:10;20.0;36.0;46.0;36.0;36.05;36.0;38.0;38.0;0.05
2024-06-15;03:24:10;20.0;36.0;46.0;37.0;36.05;36.0;39.0;37.0;0.05
2024-06-15;03:25:10;20.0;36.0;46.0;36.0;36.05;36.0;38.0;37.0;0.05
2024-06-15;03:26:10;20.0;36.0;45.0;37.0;36.05;36.0;38.0;37.0;0.05
2024-06-15;03:27:10;20.0;36.0;43.0;37.0;36.05;36.0;38.0;37.0;0.05
2024-06-15;03:28:10;20.0;36.0;42.0;38.0;36.05;36.0;38.0;37.0;0.05
2024-06-15;03:29:10;20.0;36.0;43.0;36.0;36.05;36.0;38.0;38.0;0.05
2024-06-15;03:30:10;20.0;36.0;42.0;36.0;36.05;36.0;38.0;38.0;0.05
2024-06-15;03:31:10;20.0;35.0;44.0;36.0;35.05;35.0;38.0;37.0;0.05
2024-06-15;03:32:10;20.0;35.0;43.0;38.0;35.05;35.0;38.0;37.0;0.05
2024-06-15;03:33:10;20.0;35.0;44.0;36.0;35.05;35.0;38.0;37.0;0.05
2024-06-15;03:34:10;20.0;35.0;41.0;36.0;35.05;35.0;37.0;37.0;0.05
2024-06-15;03:35:10;20.0;35.0;41.0;34.0;35.05;35.0;38.0;37.0;0.05
2024-06-15;03:36:10;20.0;35.0;41.0;36.0;35.05;35.0;37.0;36.0;0.05
2024-06-15;03:37:10;20.0;35.0;41.0;35.0;35.05;35.0;37.0;37.0;0.05
2024-06-15;03:38:10;20.0;35.0;44.0;36.0;35.05;35.0;37.0;37.0;0.05
2024-06-15;03:39:10;20.0;35.0;44.0;36.0;35.05;35.0;37.0;37.0;0.05
2024-06-15;03:40:11;20.0;35.0;44.0;35.0;35.05;35.0;37.0;37.0;0.05
2024-06-15;03:41:11;20.0;35.0;43.0;34.0;35.05;35.0;37.0;37.0;0.05
2024-06-15;03:42:11;20.0;35.0;43.0;36.0;35.05;35.0;37.0;37.0;0.05
2024-06-15;03:43:11;20.0;35.0;44.0;36.0;35.05;35.0;37.0;37.0;0.05
2024-06-15;03:44:11;20.0;35.0;44.0;35.0;35.05;35.0;37.0;37.0;0.05
2024-06-15;03:45:11;20.0;35.0;44.0;36.0;35.05;35.0;37.0;37.0;0.05
2024-06-15;03:46:11;20.0;35.0;44.0;37.0;35.05;35.0;37.0;37.0;0.05
2024-06-15;03:47:11;20.0;35.0;45.0;36.0;35.05;35.0;37.0;37.0;0.05
2024-06-15;03:48:11;20.0;35.0;41.0;35.0;35.05;35.0;37.0;37.0;0.05
2024-06-15;03:49:11;20.0;35.0;43.0;36.0;35.05;35.0;37.0;37.0;0.05
2024-06-15;03:50:11;20.0;35.0;41.0;36.0;35.05;35.0;37.0;36.0;0.05
2024-06-15;03:51:11;20.0;35.0;42.0;35.0;35.05;35.0;37.0;36.0;0.05
2024-06-15;03:52:11;20.0;35.0;41.0;35.0;35.05;35.0;37.0;37.0;0.05
2024-06-15;03:53:11;20.0;35.0;43.0;35.0;35.05;35.0;37.0;37.0;0.05
2024-06-15;03:54:11;20.0;35.0;40.0;36.0;35.05;35.0;37.0;36.0;0.05
2024-06-15;03:55:11;20.0;35.0;44.0;34.0;35.05;35.0;37.0;36.0;0.05
2024-06-15;03:56:11;20.0;35.0;44.0;36.0;35.05;35.0;37.0;37.0;0.05
2024-06-15;03:57:11;20.0;35.0;42.0;36.0;35.05;35.0;37.0;37.0;0.05
2024-06-15;03:58:11;20.0;35.0;43.0;36.0;35.05;35.0;37.0;37.0;0.05
2024-06-15;03:59:11;20.0;35.0;43.0;34.0;35.05;35.0;37.0;36.0;0.05
2024-06-15;04:00:12;20.0;35.0;42.0;34.0;35.05;35.0;37.0;36.0;0.05
2024-06-15;04:01:12;20.0;35.0;43.0;35.0;35.05;35.0;37.0;37.0;0.05
2024-06-15;04:02:12;20.0;35.0;42.0;36.0;35.05;35.0;37.0;37.0;0.05
2024-06-15;04:03:12;20.0;35.0;41.0;34.0;35.05;35.0;36.0;36.0;0.05
2024-06-15;04:04:12;20.0;35.0;43.0;35.0;35.05;35.0;37.0;36.0;0.05
2024-06-15;04:05:12;20.0;35.0;42.0;35.0;35.05;35.0;37.0;36.0;0.05
2024-06-15;04:06:12;20.0;35.0;43.0;35.0;35.05;35.0;36.0;36.0;0.05
2024-06-15;04:07:12;20.0;35.0;43.0;36.0;35.05;35.0;37.0;36.0;0.05
2024-06-15;04:08:12;20.0;35.0;41.0;34.0;35.05;35.0;37.0;37.0;0.05
2024-06-15;04:09:12;20.0;35.0;42.0;36.0;35.05;35.0;37.0;36.0;0.05
2024-06-15;04:10:12;20.0;35.0;41.0;35.0;35.05;35.0;37.0;36.0;0.05
2024-06-15;04:11:12;20.0;35.0;41.0;36.0;35.05;35.0;37.0;36.0;0.05
2024-06-15;04:12:12;20.0;35.0;41.0;36.0;35.05;35.0;37.0;37.0;0.05
2024-06-15;04:13:12;20.0;35.0;39.0;37.0;35.05;35.0;38.0;37.0;0.05
2024-06-15;04:14:12;20.0;35.0;40.0;36.0;35.05;35.0;38.0;38.0;0.05
2024-06-15;04:15:12;20.0;36.0;39.0;37.0;36.05;36.0;38.0;38.0;0.05
2024-06-15;04:16:12;20.0;36.0;40.0;36.0;36.05;36.0;39.0;38.0;0.05
2024-06-15;04:17:12;20.0;36.0;41.0;36.0;36.05;36.0;38.0;37.0;0.05
2024-06-15;04:18:12;20.0;36.0;40.0;38.0;36.05;36.0;39.0;38.0;0.05
2024-06-15;04:19:13;20.0;36.0;41.0;36.0;36.05;36.0;39.0;39.0;0.05
2024-06-15;04:20:13;20.0;36.0;41.0;38.0;36.05;36.0;39.0;39.0;0.05
2024-06-15;04:21:13;20.0;36.0;43.0;38.0;36.05;36.0;39.0;39.0;0.05
2024-06-15;04:22:13;20.0;36.0;44.0;37.0;36.05;36.0;39.0;39.0;0.05
2024-06-15;04:23:13;20.0;37.0;41.0;38.0;37.05;37.0;40.0;40.0;0.05
2024-06-15;04:24:13;20.0;37.0;44.0;37.0;37.05;37.0;39.0;39.0;0.05
2024-06-15;04:25:13;20.0;37.0;41.0;38.0;37.05;37.0;40.0;39.0;0.05
2024-06-15;04:26:13;20.0;37.0;43.0;38.0;37.05;37.0;39.0;38.0;0.05
2024-06-15;04:27:13;20.0;37.0;41.0;38.0;37.05;37.0;40.0;39.0;0.05
2024-06-15;04:28:13;20.0;37.0;44.0;38.0;37.05;37.0;40.0;39.0;0.05
2024-06-15;04:29:13;20.0;37.0;43.0;38.0;37.05;37.0;40.0;39.0;0.05
2024-06-15;04:30:13;20.0;37.0;43.0;38.0;37.05;37.0;40.0;39.0;0.05
2024-06-15;04:31:13;20.0;37.0;45.0;37.0;37.05;37.0;41.0;40.0;0.05
2024-06-15;04:32:13;20.0;37.0;43.0;37.0;37.05;37.0;39.0;39.0;0.05
2024-06-15;04:33:13;20.0;36.0;46.0;37.0;36.05;36.0;38.0;38.0;0.05
2024-06-15;04:34:13;20.0;36.0;43.0;36.0;36.05;36.0;38.0;38.0;0.05
2024-06-15;04:35:13;20.0;36.0;44.0;37.0;36.05;36.0;38.0;38.0;0.05
2024-06-15;04:36:13;20.0;36.0;44.0;36.0;36.05;36.0;37.0;37.0;0.05
2024-06-15;04:37:13;20.0;36.0;43.0;36.0;36.05;36.0;38.0;37.0;0.05
2024-06-15;04:38:14;20.0;35.0;43.0;36.0;35.05;35.0;37.0;37.0;0.05
2024-06-15;04:39:14;20.0;35.0;41.0;36.0;35.05;35.0;37.0;37.0;0.05
2024-06-15;04:40:14;20.0;35.0;41.0;36.0;35.05;35.0;37.0;37.0;0.05
2024-06-15;04:41:14;20.0;35.0;41.0;35.0;35.05;35.0;37.0;36.0;0.05
2024-06-15;04:42:14;20.0;35.0;41.0;35.0;35.05;35.0;37.0;37.0;0.05
2024-06-15;04:43:14;20.0;35.0;43.0;35.0;35.05;35.0;37.0;37.0;0.05
2024-06-15;04:44:14;20.0;35.0;39.0;35.0;35.05;35.0;37.0;36.0;0.05
2024-06-15;04:45:14;20.0;35.0;40.0;34.0;35.05;35.0;37.0;36.0;0.05
2024-06-15;04:46:14;20.0;35.0;39.0;35.0;35.05;35.0;37.0;36.0;0.05
2024-06-15;04:47:14;20.0;35.0;40.0;34.0;35.05;35.0;37.0;36.0;0.05
2024-06-15;04:48:14;20.0;35.0;40.0;36.0;35.05;35.0;37.0;36.0;0.05
2024-06-15;04:49:14;20.0;35.0;40.0;36.0;35.05;35.0;37.0;36.0;0.05
2024-06-15;04:50:14;20.0;35.0;41.0;35.0;35.05;35.0;37.0;36.0;0.05
2024-06-15;04:51:14;20.0;35.0;41.0;35.0;35.05;35.0;37.0;37.0;0.05
2024-06-15;04:52:14;20.0;35.0;42.0;34.0;35.05;35.0;37.0;36.0;0.05
2024-06-15;04:53:14;20.0;35.0;43.0;35.0;35.05;35.0;37.0;36.0;0.05
2024-06-15;04:54:14;20.0;35.0;40.0;34.0;35.05;35.0;38.0;37.0;0.05
2024-06-15;04:55:14;20.0;35.0;42.0;34.0;35.05;35.0;37.0;36.0;0.05
2024-06-15;04:56:14;20.0;35.0;41.0;34.0;35.05;35.0;37.0;35.0;0.05
2024-06-15;04:57:14;20.0;35.0;44.0;34.0;35.05;35.0;37.0;36.0;0.05
2024-06-15;04:58:15;20.0;35.0;44.0;35.0;35.05;35.0;37.0;37.0;0.05
2024-06-15;04:59:15;20.0;35.0;44.0;35.0;35.05;35.0;37.0;36.0;0.05
2024-06-15;05:00:15;20.0;35.0;43.0;34.0;35.05;35.0;37.0;36.0;0.05
2024-06-15;05:01:15;20.0;35.0;44.0;36.0;35.05;35.0;37.0;37.0;0.05
2024-06-15;05:02:15;20.0;35.0;44.0;36.0;35.05;35.0;38.0;37.0;0.05
2024-06-15;05:03:15;20.0;35.0;43.0;35.0;35.05;35.0;37.0;37.0;0.05
2024-06-15;05:04:15;20.0;35.0;44.0;36.0;35.05;35.0;37.0;37.0;0.05
2024-06-15;05:05:15;20.0;35.0;44.0;35.0;35.05;35.0;37.0;37.0;0.05
2024-06-15;05:06:15;20.0;35.0;44.0;36.0;35.05;35.0;37.0;37.0;0.05
2024-06-15;05:07:15;20.0;35.0;43.0;35.0;35.05;35.0;38.0;37.0;0.05
2024-06-15;05:08:15;20.0;35.0;44.0;36.0;35.05;35.0;37.0;37.0;0.05
2024-06-15;05:09:15;20.0;35.0;44.0;36.0;35.05;35.0;37.0;36.0;0.05
2024-06-15;05:10:15;20.0;35.0;44.0;36.0;35.05;35.0;38.0;37.0;0.05
2024-06-15;05:11:15;20.0;35.0;45.0;36.0;35.05;35.0;38.0;37.0;0.05
2024-06-15;05:12:15;20.0;35.0;46.0;36.0;35.05;35.0;38.0;37.0;0.05
2024-06-15;05:13:15;20.0;35.0;44.0;36.0;35.05;35.0;37.0;37.0;0.05
2024-06-15;05:14:15;20.0;35.0;44.0;36.0;35.05;35.0;37.0;36.0;0.05
2024-06-15;05:15:15;20.0;35.0;44.0;35.0;35.05;35.0;37.0;36.0;0.05
2024-06-15;05:16:15;20.0;35.0;44.0;36.0;35.05;35.0;37.0;36.0;0.05
2024-06-15;05:17:16;20.0;35.0;44.0;35.0;35.05;35.0;37.0;36.0;0.05
2024-06-15;05:18:16;20.0;35.0;44.0;34.0;35.05;35.0;38.0;37.0;0.05
2024-06-15;05:19:16;20.0;35.0;44.0;35.0;35.05;35.0;37.0;37.0;0.05
2024-06-15;05:20:16;20.0;35.0;44.0;35.0;35.05;35.0;37.0;37.0;0.05
2024-06-15;05:21:16;20.0;35.0;44.0;36.0;35.05;35.0;37.0;37.0;0.05
2024-06-15;05:22:16;20.0;35.0;44.0;36.0;35.05;35.0;38.0;37.0;0.05
2024-06-15;05:23:16;20.0;35.0;44.0;36.0;35.05;35.0;37.0;36.0;0.05
2024-06-15;05:24:16;20.0;35.0;44.0;36.0;35.05;35.0;38.0;36.0;0.05
2024-06-15;05:25:16;20.0;35.0;44.0;37.0;35.05;35.0;38.0;37.0;0.05
2024-06-15;05:26:16;20.0;35.0;44.0;36.0;35.05;35.0;37.0;37.0;0.05
2024-06-15;05:27:16;20.0;35.0;43.0;34.0;35.05;35.0;38.0;36.0;0.05
2024-06-15;05:28:16;20.0;35.0;44.0;35.0;35.05;35.0;37.0;36.0;0.05
2024-06-15;05:29:16;20.0;35.0;44.0;36.0;35.05;35.0;37.0;36.0;0.05
2024-06-15;05:30:16;20.0;35.0;44.0;36.0;35.05;35.0;37.0;36.0;0.05
2024-06-15;05:31:16;20.0;35.0;43.0;36.0;35.05;35.0;38.0;36.0;0.05
2024-06-15;05:32:16;20.0;35.0;44.0;36.0;35.05;35.0;36.0;36.0;0.05
2024-06-15;05:33:17;20.0;35.0;46.0;36.0;35.05;35.0;48.0;48.0;0.05
2024-06-15;05:34:17;20.0;35.0;46.0;36.0;35.05;35.0;37.0;37.0;0.05
2024-06-15;05:35:17;20.0;36.0;46.0;37.0;36.05;36.0;38.0;37.0;0.05
2024-06-15;05:36:17;20.0;36.0;44.0;35.0;36.05;36.0;38.0;37.0;0.05
2024-06-15;05:37:17;20.0;35.0;44.0;36.0;35.05;35.0;37.0;37.0;0.05
2024-06-15;05:38:17;20.0;35.0;44.0;36.0;35.05;35.0;37.0;37.0;0.05
2024-06-15;05:39:17;20.0;35.0;44.0;37.0;35.05;35.0;37.0;37.0;0.05
2024-06-15;05:40:17;20.0;35.0;44.0;36.0;35.05;35.0;37.0;36.0;0.05
2024-06-15;05:41:17;20.0;35.0;44.0;36.0;35.05;35.0;37.0;36.0;0.05
2024-06-15;05:42:17;20.0;35.0;43.0;35.0;35.05;35.0;37.0;36.0;0.05
2024-06-15;05:43:17;20.0;35.0;41.0;36.0;35.05;35.0;37.0;36.0;0.05
2024-06-15;05:44:17;20.0;35.0;44.0;36.0;35.05;35.0;37.0;36.0;0.05
2024-06-15;05:45:17;20.0;35.0;44.0;35.0;35.05;35.0;45.0;45.0;0.05
2024-06-15;05:46:17;20.0;35.0;43.0;36.0;35.05;35.0;37.0;36.0;0.05
2024-06-15;05:47:17;20.0;35.0;44.0;35.0;35.05;35.0;37.0;36.0;0.05
2024-06-15;05:48:17;20.0;35.0;44.0;36.0;35.05;35.0;37.0;36.0;0.05
2024-06-15;05:49:17;20.0;35.0;44.0;36.0;35.05;35.0;38.0;37.0;0.05
2024-06-15;05:50:17;20.0;35.0;44.0;37.0;35.05;35.0;36.0;36.0;0.05
2024-06-15;05:51:17;20.0;35.0;44.0;36.0;35.05;35.0;37.0;36.0;0.05
2024-06-15;05:52:17;20.0;35.0;44.0;36.0;35.05;35.0;37.0;36.0;0.05
2024-06-15;05:53:17;20.0;35.0;43.0;36.0;35.05;35.0;38.0;37.0;0.05
2024-06-15;05:54:18;20.0;35.0;44.0;35.0;35.05;35.0;41.0;41.0;0.05
2024-06-15;05:55:18;20.0;35.0;45.0;36.0;35.05;35.0;37.0;37.0;0.05
2024-06-15;05:56:18;20.0;35.0;45.0;36.0;35.05;35.0;37.0;37.0;0.05
2024-06-15;05:57:18;20.0;35.0;46.0;37.0;35.05;35.0;38.0;37.0;0.05
2024-06-15;05:58:18;20.0;35.0;44.0;36.0;35.05;35.0;37.0;36.0;0.05
2024-06-15;05:59:18;20.0;35.0;44.0;35.0;35.05;35.0;37.0;37.0;0.05
2024-06-15;06:00:18;20.0;35.0;44.0;36.0;35.05;35.0;37.0;36.0;0.05
2024-06-15;06:01:18;20.0;35.0;42.0;35.0;35.05;35.0;37.0;37.0;0.05
2024-06-15;06:02:18;20.0;35.0;44.0;36.0;35.05;35.0;37.0;37.0;0.05
2024-06-15;06:03:18;20.0;35.0;44.0;36.0;35.05;35.0;37.0;36.0;0.05
2024-06-15;06:04:18;20.0;35.0;44.0;35.0;35.05;35.0;37.0;37.0;0.05
2024-06-15;06:05:18;20.0;35.0;44.0;36.0;35.05;35.0;38.0;37.0;0.05
2024-06-15;06:06:18;20.0;35.0;44.0;37.0;35.05;35.0;37.0;36.0;0.05
2024-06-15;06:07:18;20.0;35.0;44.0;36.0;35.05;35.0;37.0;37.0;0.05
2024-06-15;06:08:18;20.0;35.0;44.0;36.0;35.05;35.0;37.0;37.0;0.05
2024-06-15;06:09:18;20.0;35.0;44.0;36.0;35.05;35.0;37.0;37.0;0.05
2024-06-15;06:10:18;20.0;35.0;44.0;36.0;35.05;35.0;37.0;36.0;0.05
2024-06-15;06:11:18;20.0;35.0;44.0;36.0;35.05;35.0;37.0;37.0;0.05
2024-06-15;06:12:19;20.0;35.0;44.0;36.0;35.05;35.0;37.0;36.0;0.05
2024-06-15;06:13:19;20.0;35.0;43.0;35.0;35.05;35.0;37.0;36.0;0.05
2024-06-15;06:14:19;20.0;35.0;44.0;35.0;35.05;35.0;37.0;36.0;0.05
2024-06-15;06:15:19;20.0;35.0;43.0;36.0;35.05;35.0;37.0;37.0;0.05
2024-06-15;06:16:19;20.0;35.0;42.0;35.0;35.05;35.0;37.0;37.0;0.05
2024-06-15;06:17:19;20.0;35.0;43.0;35.0;35.05;35.0;36.0;36.0;0.05
2024-06-15;06:18:19;20.0;37.0;44.0;38.0;37.05;37.0;40.0;39.0;0.05
2024-06-15;06:19:19;20.0;36.0;44.0;38.0;36.05;36.0;38.0;38.0;0.05
2024-06-15;06:20:19;20.0;36.0;46.0;36.0;36.05;36.0;38.0;38.0;0.05
2024-06-15;06:21:19;20.0;36.0;44.0;36.0;36.05;36.0;38.0;37.0;0.05
2024-06-15;06:22:19;20.0;35.0;44.0;36.0;35.05;35.0;37.0;37.0;0.05
2024-06-15;06:23:19;20.0;35.0;44.0;36.0;35.05;35.0;37.0;36.0;0.05
2024-06-15;06:24:19;20.0;35.0;43.0;36.0;35.05;35.0;37.0;37.0;0.05
2024-06-15;06:25:19;20.0;35.0;44.0;35.0;35.05;35.0;37.0;37.0;0.05
2024-06-15;06:26:19;20.0;35.0;44.0;35.0;35.05;35.0;37.0;37.0;0.05
2024-06-15;06:27:19;20.0;35.0;44.0;37.0;35.05;35.0;37.0;37.0;0.05
2024-06-15;06:28:19;20.0;35.0;44.0;34.0;35.05;35.0;37.0;37.0;0.05
2024-06-15;06:29:19;20.0;35.0;43.0;36.0;35.05;35.0;37.0;36.0;0.05
2024-06-15;06:30:19;20.0;35.0;44.0;36.0;35.05;35.0;37.0;36.0;0.05
2024-06-15;06:31:20;20.0;35.0;42.0;36.0;35.05;35.0;37.0;37.0;0.05
2024-06-15;06:32:20;20.0;35.0;44.0;35.0;35.05;35.0;37.0;37.0;0.05
2024-06-15;06:33:20;20.0;35.0;43.0;35.0;35.05;35.0;37.0;36.0;0.05
2024-06-15;06:34:20;20.0;35.0;44.0;36.0;35.05;35.0;37.0;36.0;0.05
2024-06-15;06:35:20;20.0;35.0;44.0;36.0;35.05;35.0;37.0;37.0;0.05
2024-06-15;06:36:20;20.0;35.0;44.0;35.0;35.05;35.0;37.0;37.0;0.05
2024-06-15;06:37:20;20.0;35.0;44.0;36.0;35.05;35.0;37.0;37.0;0.05
2024-06-15;06:38:20;20.0;35.0;44.0;35.0;35.05;35.0;37.0;37.0;0.05
2024-06-15;06:39:20;20.0;35.0;44.0;36.0;35.05;35.0;37.0;36.0;0.05
2024-06-15;06:40:20;20.0;35.0;44.0;36.0;35.05;35.0;37.0;37.0;0.05
2024-06-15;06:41:20;20.0;35.0;44.0;37.0;35.05;35.0;37.0;37.0;0.05
2024-06-15;06:42:20;20.0;39.0;47.0;39.0;39.05;39.0;41.0;41.0;0.05
2024-06-15;06:43:20;20.0;40.0;48.0;41.0;40.05;40.0;42.0;41.0;0.05
2024-06-15;06:44:20;20.0;38.0;47.0;39.0;38.05;38.0;40.0;40.0;0.05
2024-06-15;06:45:20;20.0;37.0;46.0;37.0;37.05;37.0;40.0;39.0;0.05
2024-06-15;06:46:20;20.0;37.0;46.0;38.0;37.05;37.0;39.0;39.0;0.05
2024-06-15;06:47:20;20.0;37.0;46.0;38.0;37.05;37.0;39.0;39.0;0.05
2024-06-15;06:48:20;20.0;36.0;46.0;38.0;36.05;36.0;39.0;39.0;0.05
2024-06-15;06:49:21;20.0;36.0;46.0;37.0;36.05;36.0;39.0;38.0;0.05
2024-06-15;06:50:21;20.0;36.0;46.0;38.0;36.05;36.0;39.0;38.0;0.05
2024-06-15;06:51:21;20.0;36.0;44.0;36.0;36.05;36.0;41.0;41.0;0.05
2024-06-15;06:52:21;20.0;36.0;45.0;36.0;36.05;36.0;39.0;39.0;0.05
2024-06-15;06:53:21;20.0;36.0;45.0;36.0;36.05;36.0;39.0;38.0;0.05
